# Players. club = short code from clubs.csv. positions: GK CB LB RB CDM CM CAM LM RM LW RW ST (max two, with /).
# Ratings are the game's own estimates. Clubs with fewer than 18 players are topped up with generated players.
club,name,positions,age,nation,rating,potential
INT,Yann Sommer,GK,37,CH,83,
INT,Josep Martínez,GK,28,ES,77,
INT,Alessandro Bastoni,CB,27,IT,86,
INT,Manuel Akanji,CB,31,CH,82,
INT,Yann Bisseck,CB,25,DE,80,
INT,Stefan de Vrij,CB,34,NL,79,
INT,Francesco Acerbi,CB,38,IT,78,
INT,Federico Dimarco,LB,28,IT,84,
INT,Denzel Dumfries,RB,30,NL,82,
INT,Hakan Çalhanoğlu,CDM,32,TR,84,
INT,Nicolò Barella,CM,29,IT,86,
INT,Henrikh Mkhitaryan,CM,37,AM,79,
INT,Davide Frattesi,CM,26,IT,80,
INT,Piotr Zieliński,CM,32,PL,79,
INT,Petar Sučić,CM,22,HR,76,
INT,Lautaro Martínez,ST,29,AR,87,
INT,Marcus Thuram,ST,29,FR,84,
INT,Ange-Yoan Bonny,ST,22,FR,76,
INT,Pio Esposito,ST,21,IT,73,84
NAP,Alex Meret,GK,29,IT,80,
NAP,Vanja Milinković-Savić,GK,29,RS,78,
NAP,Amir Rrahmani,CB,32,XK,81,
NAP,Alessandro Buongiorno,CB,27,IT,82,
NAP,Sam Beukema,CB,27,NL,79,
NAP,Giovanni Di Lorenzo,RB,33,IT,81,
NAP,Mathías Olivera,LB,29,UY,78,
NAP,Leonardo Spinazzola,LB,33,IT,76,
NAP,Stanislav Lobotka,CDM,31,SK,83,
NAP,Frank Anguissa,CM,30,CM,82,
NAP,Scott McTominay,CM,29,GB,85,
NAP,Billy Gilmour,CM,25,GB,78,
NAP,Kevin De Bruyne,CAM,35,BE,85,
NAP,Matteo Politano,RW,33,IT,79,
NAP,David Neres,RW,29,BR,80,
NAP,Noa Lang,LW,27,NL,79,
NAP,Romelu Lukaku,ST,33,BE,81,
NAP,Rasmus Højlund,ST,23,DK,80,
JUV,Michele Di Gregorio,GK,29,IT,81,
JUV,Mattia Perin,GK,33,IT,76,
JUV,Gleison Bremer,CB,29,BR,84,
JUV,Federico Gatti,CB,28,IT,79,
JUV,Pierre Kalulu,CB,26,FR,79,
JUV,Lloyd Kelly,CB,28,GB,77,
JUV,Andrea Cambiaso,LB,26,IT,81,
JUV,Juan Cabal,LB,25,CO,75,
JUV,Manuel Locatelli,CDM,28,IT,81,
JUV,Khéphren Thuram,CM,25,FR,80,
JUV,Teun Koopmeiners,CM,28,NL,80,
JUV,Weston McKennie,CM,28,US,78,
JUV,Kenan Yıldız,LW,21,TR,82,89
JUV,Francisco Conceição,RW,23,PT,80,
JUV,Edon Zhegrova,RW,27,XK,79,
JUV,Dušan Vlahović,ST,26,RS,81,
JUV,Jonathan David,ST,26,CA,81,
JUV,Loïs Openda,ST,26,BE,80,
MIL,Mike Maignan,GK,31,FR,86,
MIL,Pietro Terracciano,GK,36,IT,72,
MIL,Fikayo Tomori,CB,28,GB,80,
MIL,Strahinja Pavlović,CB,25,RS,79,
MIL,Koni De Winter,CB,24,BE,77,
MIL,Matteo Gabbia,CB,26,IT,77,
MIL,Pervis Estupiñán,LB,28,EC,79,
MIL,Alexis Saelemaekers,RB,27,BE,79,
MIL,Davide Bartesaghi,LB,20,IT,72,
MIL,Luka Modrić,CM,41,HR,81,
MIL,Youssouf Fofana,CDM,27,FR,80,
MIL,Adrien Rabiot,CM,31,FR,82,
MIL,Ruben Loftus-Cheek,CM,30,GB,78,
MIL,Samuele Ricci,CM,25,IT,78,
MIL,Ardon Jashari,CM,24,CH,78,
MIL,Christian Pulisic,RW,28,US,83,
MIL,Rafael Leão,LW,27,PT,85,
MIL,Christopher Nkunku,ST,29,FR,80,
MIL,Santiago Giménez,ST,25,MX,78,
